343;binocular
8153;binocular
5694;binocular
1;binocular
7441;binocular
6130;binocular
1754;binocular
7052;binocular
4384;binocular
8582;binocular
3596;binocular
7509;binocular
5370;binocular
4727;binocular
2940;binocular
5425;binocular
6644;chair
6225;chair
517;chair
3767;chair
2906;chair
269;chair
5554;chair
4217;chair
826;chair
2115;chair
5600;chair
44;chair
3073;chair
6389;chair
8766;chair
5738;chair
906;chair
7872;chair
1808;chair
6103;chair
3925;chair
3515;chair
6626;chair
2;chair
6577;chair
802;chair
1526;chair
4454;chair
1517;chair
503;chair
8338;chair
637;tick
888;tick
8898;tick
839;tick
8920;tick
3860;tick
8646;tick
410;tick
8707;tick
6975;tick
2651;tick
3934;tick
887;tick
4979;tick
1751;tick
5929;tick
7562;tick
6652;tick
3340;tick
2950;tick
1584;tick
3;tick
6082;tick
3492;tick
485;minaret
1261;minaret
8975;minaret
3699;minaret
6009;minaret
195;minaret
5496;minaret
949;minaret
1030;minaret
4466;minaret
2429;minaret
7923;minaret
244;minaret
7887;minaret
3807;minaret
5379;minaret
6559;minaret
3774;minaret
316;minaret
5469;minaret
6012;minaret
4;minaret
3858;minaret
2975;minaret
7788;minaret
2986;minaret
2119;minaret
8383;minaret
3259;minaret
5507;minaret
3634;minaret
6085;minaret
1320;minaret
2815;minaret
5334;minaret
784;minaret
5034;minaret
4695;minaret
8556;Faces
2987;Faces
2060;Faces
4423;Faces
349;Faces
1163;Faces
5075;Faces
4083;Faces
2498;Faces
4724;Faces
3841;Faces
5038;Faces
2221;Faces
6897;Faces
6058;Faces
2324;Faces
3525;Faces
7232;Faces
8424;Faces
4398;Faces
7543;Faces
1228;Faces
3152;Faces
2545;Faces
39;Faces
6352;Faces
2596;Faces
7570;Faces
2568;Faces
3444;Faces
8514;Faces
1119;Faces
1815;Faces
4571;Faces
6365;Faces
219;Faces
7517;Faces
3922;Faces
3629;Faces
5041;Faces
289;Faces
7720;Faces
6444;Faces
1061;Faces
8893;Faces
1583;Faces
4028;Faces
7450;Faces
13;Faces
1594;Faces
2939;Faces
943;Faces
4110;Faces
2564;Faces
545;Faces
412;Faces
7494;Faces
1069;Faces
5856;Faces
3212;Faces
6153;Faces
5700;Faces
7679;Faces
75;Faces
7563;Faces
5290;Faces
1122;Faces
4963;Faces
358;Faces
8638;Faces
3438;Faces
6320;Faces
3019;Faces
4070;Faces
4405;Faces
4776;Faces
2305;Faces
1556;Faces
1522;Faces
3856;Faces
8654;Faces
2715;Faces
2170;Faces
4396;Faces
5625;Faces
5372;Faces
6703;Faces
6944;Faces
4411;Faces
3910;Faces
4436;Faces
2555;Faces
2216;Faces
1858;Faces
8843;Faces
7852;Faces
1726;Faces
3953;Faces
6109;Faces
8329;Faces
6256;Faces
1412;Faces
4084;Faces
6146;Faces
2861;Faces
766;Faces
4791;Faces
6773;Faces
5569;Faces
7353;Faces
2468;Faces
7145;Faces
7995;Faces
5523;Faces
1855;Faces
4866;Faces
6797;Faces
7615;Faces
5683;Faces
3557;Faces
1026;Faces
5077;Faces
511;Faces
759;Faces
7352;Faces
5754;Faces
1569;Faces
3915;Faces
5609;Faces
5903;Faces
4632;Faces
3694;Faces
8667;Faces
788;Faces
1415;Faces
7330;Faces
8932;Faces
5704;Faces
3026;Faces
2094;Faces
7690;Faces
4795;Faces
955;Faces
7867;Faces
7911;Faces
5647;Faces
2108;Faces
1445;Faces
8675;Faces
8684;Faces
5689;Faces
2730;Faces
8090;Faces
895;Faces
8379;Faces
8649;Faces
1535;Faces
2475;Faces
7665;Faces
1111;Faces
2423;Faces
2543;Faces
8356;Faces
7123;Faces
7909;Faces
3579;Faces
5502;Faces
8192;Faces
7005;Faces
3740;Faces
8888;Faces
6301;Faces
4593;Faces
4622;Faces
4478;Faces
4111;Faces
6333;Faces
7524;Faces
7596;Faces
1513;Faces
6505;Faces
5713;Faces
964;Faces
1470;Faces
157;Faces
1419;Faces
2424;Faces
7255;Faces
1221;Faces
3363;Faces
7181;Faces
3203;Faces
7262;Faces
6855;Faces
570;Faces
8689;Faces
1657;Faces
7712;Faces
3412;Faces
1258;Faces
7109;Faces
1346;Faces
2154;Faces
4764;Faces
7351;Faces
8580;Faces
5381;Faces
6140;Faces
7863;Faces
6708;Faces
5367;Faces
5;Faces
5558;Faces
2496;Faces
5424;Faces
9080;Faces
6795;Faces
3657;Faces
2202;Faces
4220;Faces
7235;Faces
3861;Faces
5481;Faces
6836;Faces
1964;Faces
1304;Faces
5825;Faces
249;Faces
8427;Faces
489;Faces
4901;Faces
5603;Faces
9076;Faces
3225;Faces
8263;Faces
6870;Faces
6732;Faces
4645;Faces
8071;Faces
1985;Faces
864;Faces
7595;Faces
4295;Faces
1831;Faces
5564;Faces
6923;Faces
900;Faces
7755;Faces
775;Faces
2894;Faces
3633;Faces
4976;Faces
7776;Faces
1957;Faces
4226;Faces
4601;Faces
8661;Faces
5501;Faces
5329;Faces
9009;Faces
443;Faces
4517;Faces
2721;Faces
8226;Faces
3686;Faces
918;Faces
9142;Faces
8188;Faces
8515;Faces
5268;Faces
9023;Faces
915;Faces
8196;Faces
8245;Faces
197;Faces
659;Faces
7166;Faces
6097;Faces
6416;Faces
6896;Faces
1505;Faces
1292;Faces
4779;Faces
664;Faces
4798;Faces
8685;Faces
7677;Faces
7037;Faces
8438;Faces
38;Faces
8885;Faces
606;Faces
437;Faces
4292;Faces
4122;Faces
3380;Faces
209;Faces
4909;Faces
8279;Faces
7076;Faces
1438;Faces
8206;Faces
7936;Faces
5293;Faces
7246;Faces
6723;Faces
7459;Faces
2107;Faces
6528;Faces
2322;Faces
423;Faces
2096;Faces
2315;Faces
6042;Faces
1381;Faces
3165;Faces
7162;Faces
1987;Faces
3508;Faces
4886;Faces
2845;Faces
7621;Faces
1624;Faces
1528;Faces
5235;Faces
8150;Faces
3687;Faces
7653;Faces
3046;Faces
3859;Faces
4672;Faces
3583;Faces
687;Faces
6487;Faces
6379;Faces
8306;Faces
5567;Faces
1227;Faces
3848;Faces
1685;Faces
5889;Faces
3541;Faces
2349;Faces
2023;Faces
4989;Faces
6769;Faces
3821;Faces
2201;Faces
5066;Faces
7373;Faces
7590;Faces
4643;Faces
821;Faces
5287;Faces
2198;Faces
2086;Faces
4997;Faces
3485;Faces
905;Faces
3518;Faces
8062;Faces
8587;Faces
7054;Faces
8301;Faces
6368;Faces
415;Faces
3690;Faces
538;Faces
2805;Faces
8227;Faces
2749;Faces
7758;Faces
2347;Faces
3379;Faces
4818;Faces
4678;Faces
1704;Faces
6211;Faces
4260;Faces
2275;Faces
6670;Faces
3116;Faces
621;Faces
5296;Faces
2330;Faces
7783;Faces
2666;Faces
2771;Faces
4578;Faces
1868;Faces
234;Faces
7865;Faces
8994;Faces
8217;Faces
4179;Faces
8716;Faces
2397;Faces
6964;Faces
2159;Faces
82;Faces
1843;Faces
4069;Faces
1004;Faces
6756;Faces
7992;Faces
2979;Faces
7589;Faces
4583;Faces
7115;Faces
4941;Faces
8500;Faces
1034;Faces
5859;Faces
1331;Faces
3667;Faces
279;Faces
4246;Faces
2393;Faces
3049;Faces
5644;Faces
1272;Faces
4469;Faces
6829;Faces
2226;Faces
2698;Faces
1928;Faces
8671;Faces
6083;Faces
6380;Faces
8012;Faces
4775;Faces
7087;Faces
4823;Faces
7025;Faces
6643;Faces
861;accordion
6240;accordion
2248;accordion
3483;accordion
8068;accordion
1789;accordion
3973;accordion
1002;accordion
3365;accordion
9141;accordion
2717;accordion
6;accordion
5060;accordion
1496;accordion
6238;accordion
2974;accordion
1402;accordion
6410;accordion
1999;accordion
4208;accordion
2328;accordion
8238;accordion
8812;accordion
4323;accordion
1191;accordion
6111;accordion
8846;accordion
2234;rooster
8687;rooster
2157;rooster
6815;rooster
301;rooster
8672;rooster
1349;rooster
9139;rooster
4908;rooster
4893;rooster
2289;rooster
7;rooster
8634;rooster
701;rooster
7278;rooster
6099;rooster
1770;rooster
4730;rooster
2040;rooster
6299;rooster
6156;rooster
4092;rooster
4095;rooster
6102;rooster
2656;Leopards
1267;Leopards
4957;Leopards
738;Leopards
832;Leopards
2807;Leopards
7623;Leopards
8425;Leopards
6488;Leopards
8609;Leopards
6660;Leopards
1085;Leopards
6101;Leopards
4033;Leopards
7093;Leopards
1406;Leopards
5638;Leopards
130;Leopards
7309;Leopards
5610;Leopards
191;Leopards
6965;Leopards
6289;Leopards
2858;Leopards
5000;Leopards
7574;Leopards
7434;Leopards
4910;Leopards
356;Leopards
799;Leopards
946;Leopards
5357;Leopards
3098;Leopards
2317;Leopards
4943;Leopards
708;Leopards
1147;Leopards
8222;Leopards
3297;Leopards
4903;Leopards
1066;Leopards
4228;Leopards
5876;Leopards
7554;Leopards
6229;Leopards
6828;Leopards
4498;Leopards
7288;Leopards
3980;Leopards
2590;Leopards
3751;Leopards
4705;Leopards
4457;Leopards
1538;Leopards
8096;Leopards
3172;Leopards
7726;Leopards
3781;Leopards
4671;Leopards
5542;Leopards
6592;Leopards
7651;Leopards
3846;Leopards
5439;Leopards
4344;Leopards
534;Leopards
8498;Leopards
8550;Leopards
1998;Leopards
9005;Leopards
3385;Leopards
6564;Leopards
6513;Leopards
465;Leopards
7239;Leopards
7647;Leopards
2212;Leopards
1334;Leopards
930;Leopards
79;Leopards
1298;Leopards
8081;Leopards
3524;Leopards
3041;Leopards
1895;Leopards
3682;Leopards
5069;Leopards
5993;Leopards
6751;Leopards
8248;Leopards
3007;Leopards
143;Leopards
6336;Leopards
2113;Leopards
568;Leopards
330;Leopards
6192;Leopards
7945;Leopards
1836;Leopards
4135;Leopards
7466;watch
6449;watch
3192;watch
3346;watch
4495;watch
8468;watch
721;watch
1688;watch
7286;watch
4507;watch
3366;watch
7044;watch
68;watch
6480;watch
1832;watch
1750;watch
7107;watch
6457;watch
8605;watch
1627;watch
5084;watch
5518;watch
8116;watch
8018;watch
95;watch
3850;watch
722;watch
6474;watch
5037;watch
847;watch
7108;watch
2214;watch
4846;watch
7242;watch
5846;watch
714;watch
8361;watch
8811;watch
6196;watch
5618;watch
8472;watch
4701;watch
6179;watch
5046;watch
3298;watch
452;watch
6062;watch
225;watch
9031;watch
7890;watch
9138;watch
9028;watch
3448;watch
1674;watch
5052;watch
1330;watch
6374;watch
7343;watch
1814;watch
9120;watch
2697;watch
5014;watch
4890;watch
804;watch
7284;watch
331;watch
6924;watch
6330;watch
2588;watch
4633;watch
4449;watch
3312;watch
4778;watch
447;watch
4757;watch
220;watch
981;watch
5407;watch
6658;watch
3464;watch
8208;watch
5039;watch
6978;watch
1693;watch
5818;watch
2090;watch
5966;watch
7256;watch
3025;watch
3863;watch
8102;watch
4153;watch
1481;watch
6003;watch
5865;watch
4861;watch
7972;watch
8833;watch
8008;watch
5219;watch
34;watch
992;watch
8603;watch
2155;watch
2287;watch
5141;watch
2943;watch
8085;watch
3255;watch
8927;watch
878;watch
6778;watch
695;watch
8435;watch
5841;watch
8840;watch
8889;watch
536;watch
7735;watch
438;dragonfly
5816;dragonfly
7198;dragonfly
2474;dragonfly
4318;dragonfly
418;dragonfly
6007;dragonfly
1090;dragonfly
2712;dragonfly
8404;dragonfly
3527;dragonfly
7004;dragonfly
6743;dragonfly
7767;dragonfly
4667;dragonfly
1059;dragonfly
7817;dragonfly
8738;dragonfly
8651;dragonfly
3661;dragonfly
7866;dragonfly
94;dragonfly
7664;dragonfly
2873;dragonfly
3397;dragonfly
510;dragonfly
3599;dragonfly
10;dragonfly
7312;dragonfly
5570;dragonfly
3871;dragonfly
5578;dragonfly
5400;dragonfly
214;dragonfly
1869;BACKGROUND_Google
8694;BACKGROUND_Google
2368;BACKGROUND_Google
8880;BACKGROUND_Google
3028;BACKGROUND_Google
5506;BACKGROUND_Google
5561;BACKGROUND_Google
2005;BACKGROUND_Google
6689;BACKGROUND_Google
2834;BACKGROUND_Google
2964;BACKGROUND_Google
5821;BACKGROUND_Google
4376;BACKGROUND_Google
4048;BACKGROUND_Google
8135;BACKGROUND_Google
7756;BACKGROUND_Google
9092;BACKGROUND_Google
6569;BACKGROUND_Google
5031;BACKGROUND_Google
2084;BACKGROUND_Google
5790;BACKGROUND_Google
4221;BACKGROUND_Google
4944;BACKGROUND_Google
4613;BACKGROUND_Google
4324;BACKGROUND_Google
3958;BACKGROUND_Google
5967;BACKGROUND_Google
4692;BACKGROUND_Google
2576;BACKGROUND_Google
5391;BACKGROUND_Google
2519;BACKGROUND_Google
3733;BACKGROUND_Google
5657;BACKGROUND_Google
3300;BACKGROUND_Google
4820;BACKGROUND_Google
5728;BACKGROUND_Google
7129;BACKGROUND_Google
2268;BACKGROUND_Google
5631;BACKGROUND_Google
8215;BACKGROUND_Google
6860;BACKGROUND_Google
4741;BACKGROUND_Google
6231;BACKGROUND_Google
2919;BACKGROUND_Google
6656;BACKGROUND_Google
1733;BACKGROUND_Google
5545;BACKGROUND_Google
4510;BACKGROUND_Google
2693;BACKGROUND_Google
1067;BACKGROUND_Google
8479;BACKGROUND_Google
4184;BACKGROUND_Google
5943;BACKGROUND_Google
880;BACKGROUND_Google
4312;BACKGROUND_Google
8989;BACKGROUND_Google
1853;BACKGROUND_Google
1862;BACKGROUND_Google
7114;BACKGROUND_Google
6717;BACKGROUND_Google
7456;BACKGROUND_Google
3631;BACKGROUND_Google
1608;BACKGROUND_Google
4375;BACKGROUND_Google
581;BACKGROUND_Google
4688;BACKGROUND_Google
4981;BACKGROUND_Google
2877;BACKGROUND_Google
8122;BACKGROUND_Google
3720;BACKGROUND_Google
899;BACKGROUND_Google
1938;BACKGROUND_Google
6328;BACKGROUND_Google
3101;BACKGROUND_Google
9022;BACKGROUND_Google
2680;BACKGROUND_Google
8547;BACKGROUND_Google
6884;BACKGROUND_Google
7285;BACKGROUND_Google
2507;BACKGROUND_Google
8194;BACKGROUND_Google
2624;BACKGROUND_Google
302;BACKGROUND_Google
5393;BACKGROUND_Google
4458;BACKGROUND_Google
2284;BACKGROUND_Google
8937;BACKGROUND_Google
1851;BACKGROUND_Google
6388;BACKGROUND_Google
7348;BACKGROUND_Google
6685;BACKGROUND_Google
833;BACKGROUND_Google
5930;BACKGROUND_Google
2747;BACKGROUND_Google
720;BACKGROUND_Google
3204;BACKGROUND_Google
6006;BACKGROUND_Google
2600;BACKGROUND_Google
180;BACKGROUND_Google
3390;BACKGROUND_Google
7694;BACKGROUND_Google
2654;BACKGROUND_Google
237;BACKGROUND_Google
5855;BACKGROUND_Google
5504;BACKGROUND_Google
8849;BACKGROUND_Google
3305;BACKGROUND_Google
5849;BACKGROUND_Google
2339;BACKGROUND_Google
305;BACKGROUND_Google
1398;BACKGROUND_Google
5942;BACKGROUND_Google
6982;BACKGROUND_Google
299;BACKGROUND_Google
2628;BACKGROUND_Google
801;BACKGROUND_Google
4417;BACKGROUND_Google
1947;BACKGROUND_Google
1140;BACKGROUND_Google
678;BACKGROUND_Google
153;BACKGROUND_Google
1115;BACKGROUND_Google
746;BACKGROUND_Google
1340;BACKGROUND_Google
3024;BACKGROUND_Google
5131;BACKGROUND_Google
6642;BACKGROUND_Google
4360;BACKGROUND_Google
8509;BACKGROUND_Google
3131;BACKGROUND_Google
967;BACKGROUND_Google
5047;BACKGROUND_Google
2839;BACKGROUND_Google
2999;BACKGROUND_Google
2077;BACKGROUND_Google
25;BACKGROUND_Google
7948;BACKGROUND_Google
5309;BACKGROUND_Google
2595;BACKGROUND_Google
7912;BACKGROUND_Google
2755;BACKGROUND_Google
2329;BACKGROUND_Google
3936;BACKGROUND_Google
6173;BACKGROUND_Google
4024;BACKGROUND_Google
7666;BACKGROUND_Google
8308;BACKGROUND_Google
7354;BACKGROUND_Google
7319;BACKGROUND_Google
9130;BACKGROUND_Google
3708;BACKGROUND_Google
8712;BACKGROUND_Google
5145;BACKGROUND_Google
7614;BACKGROUND_Google
8176;BACKGROUND_Google
7692;BACKGROUND_Google
7498;BACKGROUND_Google
5140;BACKGROUND_Google
319;BACKGROUND_Google
3944;BACKGROUND_Google
11;BACKGROUND_Google
3106;BACKGROUND_Google
1220;BACKGROUND_Google
5284;BACKGROUND_Google
1209;BACKGROUND_Google
2772;BACKGROUND_Google
6822;BACKGROUND_Google
4555;BACKGROUND_Google
4219;BACKGROUND_Google
2331;BACKGROUND_Google
7430;BACKGROUND_Google
4264;BACKGROUND_Google
1278;BACKGROUND_Google
8034;BACKGROUND_Google
254;BACKGROUND_Google
8726;BACKGROUND_Google
4347;BACKGROUND_Google
1405;BACKGROUND_Google
7156;BACKGROUND_Google
6873;BACKGROUND_Google
1515;BACKGROUND_Google
7302;BACKGROUND_Google
8182;BACKGROUND_Google
238;BACKGROUND_Google
1630;BACKGROUND_Google
8394;BACKGROUND_Google
575;BACKGROUND_Google
2947;BACKGROUND_Google
4592;BACKGROUND_Google
3638;BACKGROUND_Google
1960;BACKGROUND_Google
494;BACKGROUND_Google
7619;BACKGROUND_Google
7707;BACKGROUND_Google
23;BACKGROUND_Google
1736;BACKGROUND_Google
7711;BACKGROUND_Google
5327;BACKGROUND_Google
4796;BACKGROUND_Google
9118;BACKGROUND_Google
8558;BACKGROUND_Google
4812;BACKGROUND_Google
287;BACKGROUND_Google
1980;BACKGROUND_Google
3126;BACKGROUND_Google
4486;BACKGROUND_Google
5780;BACKGROUND_Google
5500;BACKGROUND_Google
8844;BACKGROUND_Google
1420;BACKGROUND_Google
4807;BACKGROUND_Google
4293;BACKGROUND_Google
3940;BACKGROUND_Google
731;BACKGROUND_Google
1322;BACKGROUND_Google
7280;BACKGROUND_Google
7814;BACKGROUND_Google
7476;BACKGROUND_Google
5027;BACKGROUND_Google
4835;BACKGROUND_Google
3372;BACKGROUND_Google
5548;BACKGROUND_Google
516;BACKGROUND_Google
2405;BACKGROUND_Google
6215;BACKGROUND_Google
4625;BACKGROUND_Google
7153;BACKGROUND_Google
8173;BACKGROUND_Google
834;BACKGROUND_Google
1788;BACKGROUND_Google
8613;BACKGROUND_Google
8809;BACKGROUND_Google
4737;BACKGROUND_Google
2909;laptop
1450;laptop
8828;laptop
8783;laptop
1459;laptop
4926;laptop
5003;laptop
6906;laptop
5416;laptop
3883;laptop
7276;laptop
7253;laptop
3786;laptop
4703;laptop
1264;laptop
2294;laptop
853;laptop
6917;laptop
5294;laptop
3990;laptop
2560;laptop
4316;laptop
1354;laptop
4157;laptop
5438;laptop
98;laptop
6386;laptop
1816;laptop
266;laptop
6468;laptop
2161;laptop
8455;laptop
3679;laptop
757;laptop
4034;laptop
6456;laptop
5497;laptop
2126;laptop
944;laptop
2381;laptop
5212;brontosaurus
5113;brontosaurus
1876;brontosaurus
4706;brontosaurus
6939;brontosaurus
1166;brontosaurus
8108;brontosaurus
5900;brontosaurus
8824;brontosaurus
6219;brontosaurus
3755;brontosaurus
3441;brontosaurus
5358;brontosaurus
1324;brontosaurus
812;brontosaurus
3149;brontosaurus
8702;brontosaurus
2910;brontosaurus
4167;brontosaurus
3839;brontosaurus
737;brontosaurus
1984;cougar_face
3137;cougar_face
1982;cougar_face
6807;cougar_face
3481;cougar_face
8642;cougar_face
1323;cougar_face
5513;cougar_face
2171;cougar_face
1863;cougar_face
16;cougar_face
3718;cougar_face
8061;cougar_face
5709;cougar_face
291;cougar_face
4418;cougar_face
3983;cougar_face
8277;cougar_face
1555;cougar_face
1375;cougar_face
3650;cougar_face
3536;cougar_face
4145;cougar_face
1134;cougar_face
1972;cougar_face
627;cougar_face
136;cougar_face
7747;cougar_face
5032;cougar_face
6460;cougar_face
8883;cougar_face
5193;cougar_face
4126;cougar_face
607;cougar_face
4575;brain
4013;brain
453;brain
6106;brain
6603;brain
925;brain
4905;brain
2291;brain
1245;brain
8145;brain
2812;brain
2396;brain
5043;brain
5711;brain
4284;brain
4425;brain
41;brain
5307;brain
3162;brain
5011;brain
5170;brain
4434;brain
7072;brain
7139;brain
8352;brain
6429;brain
9082;brain
4150;brain
828;brain
8664;brain
263;brain
5153;brain
7104;brain
6781;brain
7847;brain
7381;brain
7435;brain
7676;brain
4014;brain
360;brain
7660;brain
17;brain
8502;brain
5789;brain
1714;brain
504;brain
3898;brain
6736;brain
3804;brain
4552;ketch
2737;ketch
4849;ketch
6602;ketch
1070;ketch
6752;ketch
2361;ketch
8784;ketch
5922;ketch
2970;ketch
7671;ketch
417;ketch
3143;ketch
18;ketch
3864;ketch
4755;ketch
991;ketch
694;ketch
2074;ketch
2988;ketch
948;ketch
3458;ketch
1759;ketch
1677;ketch
4674;ketch
2635;ketch
7034;ketch
7148;ketch
4879;ketch
5681;ketch
8432;ketch
742;ketch
528;ketch
1681;ketch
4881;ketch
3206;ketch
2087;ketch
7320;ketch
7159;ketch
382;ketch
8319;ketch
3889;ketch
6861;ketch
1321;ketch
246;ketch
4387;ketch
7405;ketch
6168;ketch
6537;ketch
5752;ketch
2495;ketch
2364;ketch
6440;ketch
6161;ketch
2258;ketch
387;ketch
928;ketch
8046;ceiling_fan
6913;ceiling_fan
5734;ceiling_fan
2217;ceiling_fan
260;ceiling_fan
7591;ceiling_fan
8168;ceiling_fan
8036;ceiling_fan
3711;ceiling_fan
2473;ceiling_fan
7968;ceiling_fan
1280;ceiling_fan
2631;ceiling_fan
1287;ceiling_fan
8986;ceiling_fan
183;ceiling_fan
8725;ceiling_fan
4113;ceiling_fan
2323;ceiling_fan
4463;ceiling_fan
2261;ceiling_fan
6968;ceiling_fan
1805;ceiling_fan
959;car_side
6369;car_side
3347;car_side
1579;car_side
7841;car_side
482;car_side
7975;car_side
6385;car_side
5072;car_side
4005;car_side
5266;car_side
3183;car_side
6952;car_side
5282;car_side
4518;car_side
414;car_side
7386;car_side
1497;car_side
898;car_side
7237;car_side
5785;car_side
2359;car_side
2946;car_side
6147;car_side
1236;car_side
6907;car_side
6419;car_side
8720;car_side
7837;car_side
8177;car_side
8058;car_side
7271;car_side
6212;car_side
5124;car_side
3573;car_side
8428;car_side
3293;car_side
8244;car_side
4144;car_side
5764;car_side
1018;car_side
605;car_side
5989;car_side
2526;car_side
7332;car_side
3404;car_side
8039;car_side
7482;car_side
5105;car_side
3707;car_side
5134;car_side
2012;car_side
891;car_side
8261;car_side
8711;car_side
2924;car_side
5539;car_side
613;car_side
7542;car_side
3668;car_side
2825;car_side
6768;butterfly
6679;butterfly
1623;butterfly
2959;butterfly
5174;butterfly
2821;butterfly
8525;butterfly
2888;butterfly
3520;butterfly
4785;butterfly
2163;butterfly
7567;butterfly
21;butterfly
8198;butterfly
8378;butterfly
3624;butterfly
8887;butterfly
7398;butterfly
4276;butterfly
7990;butterfly
8336;butterfly
1442;butterfly
498;butterfly
2443;butterfly
4334;butterfly
4736;butterfly
3790;butterfly
2539;butterfly
4039;butterfly
3232;butterfly
4925;butterfly
5902;butterfly
5748;butterfly
7500;butterfly
6915;butterfly
2029;butterfly
3307;butterfly
3652;butterfly
243;butterfly
4057;butterfly
513;butterfly
3194;butterfly
2242;butterfly
7953;butterfly
1125;butterfly
8128;platypus
3257;platypus
870;platypus
1172;platypus
7085;platypus
2926;platypus
6081;platypus
4481;platypus
1096;platypus
420;platypus
3449;platypus
22;platypus
8211;platypus
5464;platypus
5392;platypus
4169;platypus
2553;platypus
8403;Motorbikes
3234;Motorbikes
3247;Motorbikes
5149;Motorbikes
8875;Motorbikes
2776;Motorbikes
8380;Motorbikes
7391;Motorbikes
8342;Motorbikes
6770;Motorbikes
5498;Motorbikes
2257;Motorbikes
4114;Motorbikes
2135;Motorbikes
2646;Motorbikes
1727;Motorbikes
3730;Motorbikes
1156;Motorbikes
8155;Motorbikes
7201;Motorbikes
8573;Motorbikes
2394;Motorbikes
8231;Motorbikes
6154;Motorbikes
1991;Motorbikes
563;Motorbikes
1867;Motorbikes
3306;Motorbikes
1959;Motorbikes
4243;Motorbikes
4152;Motorbikes
1128;Motorbikes
2327;Motorbikes
5343;Motorbikes
4004;Motorbikes
7608;Motorbikes
7609;Motorbikes
7905;Motorbikes
5948;Motorbikes
8366;Motorbikes
8731;Motorbikes
7105;Motorbikes
5866;Motorbikes
8728;Motorbikes
8896;Motorbikes
3761;Motorbikes
4984;Motorbikes
3902;Motorbikes
3643;Motorbikes
8320;Motorbikes
4719;Motorbikes
1468;Motorbikes
6971;Motorbikes
1333;Motorbikes
2414;Motorbikes
351;Motorbikes
1734;Motorbikes
8778;Motorbikes
6522;Motorbikes
2900;Motorbikes
8835;Motorbikes
3146;Motorbikes
7645;Motorbikes
3123;Motorbikes
2196;Motorbikes
7233;Motorbikes
4380;Motorbikes
5767;Motorbikes
8899;Motorbikes
6672;Motorbikes
5924;Motorbikes
7683;Motorbikes
8445;Motorbikes
7180;Motorbikes
4584;Motorbikes
6792;Motorbikes
7840;Motorbikes
394;Motorbikes
6060;Motorbikes
4307;Motorbikes
5741;Motorbikes
1668;Motorbikes
7173;Motorbikes
4709;Motorbikes
2864;Motorbikes
4558;Motorbikes
8171;Motorbikes
1659;Motorbikes
6264;Motorbikes
8348;Motorbikes
8832;Motorbikes
6992;Motorbikes
1306;Motorbikes
5784;Motorbikes
8666;Motorbikes
5495;Motorbikes
7472;Motorbikes
36;Motorbikes
6562;Motorbikes
5589;Motorbikes
2036;Motorbikes
8149;Motorbikes
4587;Motorbikes
740;Motorbikes
7339;Motorbikes
8923;Motorbikes
257;Motorbikes
2244;Motorbikes
8022;Motorbikes
617;Motorbikes
4568;Motorbikes
1461;Motorbikes
3303;Motorbikes
2663;Motorbikes
6845;Motorbikes
3460;Motorbikes
572;Motorbikes
2837;Motorbikes
6579;Motorbikes
7079;Motorbikes
8727;Motorbikes
7555;Motorbikes
3091;Motorbikes
7586;Motorbikes
8592;Motorbikes
9110;Motorbikes
1053;Motorbikes
5132;Motorbikes
7816;Motorbikes
5834;Motorbikes
1430;Motorbikes
4696;Motorbikes
2870;Motorbikes
5078;Motorbikes
5009;Motorbikes
6204;Motorbikes
7411;Motorbikes
5271;Motorbikes
2149;Motorbikes
5225;Motorbikes
783;Motorbikes
1477;Motorbikes
3420;Motorbikes
8423;Motorbikes
1749;Motorbikes
1849;Motorbikes
601;Motorbikes
43;Motorbikes
4567;Motorbikes
4112;Motorbikes
2043;Motorbikes
3218;Motorbikes
8106;Motorbikes
2632;Motorbikes
328;Motorbikes
3063;Motorbikes
5335;Motorbikes
2019;Motorbikes
5726;Motorbikes
1183;Motorbikes
2793;Motorbikes
8956;Motorbikes
7155;Motorbikes
6167;Motorbikes
6287;Motorbikes
4490;Motorbikes
7137;Motorbikes
3674;Motorbikes
4420;Motorbikes
3805;Motorbikes
2954;Motorbikes
1879;Motorbikes
307;Motorbikes
6086;Motorbikes
7013;Motorbikes
6356;Motorbikes
4012;Motorbikes
908;Motorbikes
4339;Motorbikes
8992;Motorbikes
1033;Motorbikes
2716;Motorbikes
6427;Motorbikes
6071;Motorbikes
7534;Motorbikes
3728;Motorbikes
2612;Motorbikes
3280;Motorbikes
8030;Motorbikes
6172;Motorbikes
3288;Motorbikes
1775;Motorbikes
8596;Motorbikes
2129;Motorbikes
334;Motorbikes
5832;Motorbikes
4962;Motorbikes
5641;Motorbikes
5217;Motorbikes
7251;Motorbikes
7794;Motorbikes
3986;Motorbikes
1150;Motorbikes
1403;Motorbikes
4753;Motorbikes
3966;Motorbikes
1795;Motorbikes
5451;Motorbikes
3559;Motorbikes
3722;Motorbikes
6070;Motorbikes
1411;Motorbikes
1965;Motorbikes
6892;Motorbikes
4716;Motorbikes
5090;Motorbikes
8955;Motorbikes
1198;Motorbikes
4086;Motorbikes
6760;Motorbikes
2278;Motorbikes
87;Motorbikes
889;Motorbikes
6144;Motorbikes
8295;Motorbikes
4270;Motorbikes
2280;Motorbikes
2059;Motorbikes
8652;Motorbikes
1915;Motorbikes
7062;Motorbikes
4317;Motorbikes
189;Motorbikes
2222;Motorbikes
1874;Motorbikes
6145;Motorbikes
8437;Motorbikes
7316;Motorbikes
9004;Motorbikes
6139;Motorbikes
1296;Motorbikes
4194;Motorbikes
7944;Motorbikes
3072;Motorbikes
7939;Motorbikes
6534;Motorbikes
6771;Motorbikes
8762;Motorbikes
2413;Motorbikes
4175;Motorbikes
6216;Motorbikes
3207;Motorbikes
7499;Motorbikes
652;Motorbikes
226;Motorbikes
8532;Motorbikes
4884;Motorbikes
8708;Motorbikes
1803;Motorbikes
2708;Motorbikes
1176;Motorbikes
4496;Motorbikes
758;Motorbikes
3124;Motorbikes
3021;Motorbikes
2453;Motorbikes
2639;Motorbikes
2520;Motorbikes
6484;Motorbikes
6928;Motorbikes
3646;Motorbikes
7941;Motorbikes
1194;Motorbikes
1948;Motorbikes
2559;Motorbikes
5103;Motorbikes
7505;Motorbikes
3542;Motorbikes
4900;Motorbikes
5804;Motorbikes
3446;Motorbikes
8075;Motorbikes
5442;Motorbikes
649;Motorbikes
6047;Motorbikes
2657;Motorbikes
125;Motorbikes
3506;Motorbikes
2378;Motorbikes
6422;Motorbikes
3510;Motorbikes
7764;Motorbikes
3587;Motorbikes
7892;Motorbikes
5787;Motorbikes
3421;Motorbikes
8751;Motorbikes
634;Motorbikes
308;Motorbikes
8810;Motorbikes
7049;Motorbikes
8921;Motorbikes
4841;Motorbikes
2162;Motorbikes
8606;Motorbikes
3353;Motorbikes
7734;Motorbikes
2321;Motorbikes
1973;Motorbikes
5057;Motorbikes
24;Motorbikes
5252;Motorbikes
5544;Motorbikes
1057;Motorbikes
4074;Motorbikes
6587;Motorbikes
5964;Motorbikes
6706;Motorbikes
1961;Motorbikes
7192;Motorbikes
8681;Motorbikes
2465;Motorbikes
7031;Motorbikes
5470;Motorbikes
6048;Motorbikes
5505;Motorbikes
7649;Motorbikes
5461;Motorbikes
5275;Motorbikes
8598;Motorbikes
7525;Motorbikes
6458;Motorbikes
7593;Motorbikes
377;Motorbikes
1903;Motorbikes
3829;Motorbikes
8897;Motorbikes
2141;Motorbikes
4399;Motorbikes
7831;Motorbikes
5527;Motorbikes
6329;Motorbikes
6575;Motorbikes
8786;Motorbikes
5354;Motorbikes
729;Motorbikes
4188;Motorbikes
5276;Motorbikes
7970;Motorbikes
9124;Motorbikes
3965;Motorbikes
3795;Motorbikes
3139;Motorbikes
5206;Motorbikes
2892;Motorbikes
6406;Motorbikes
2100;Motorbikes
9134;Motorbikes
361;Motorbikes
8560;Motorbikes
7637;Motorbikes
7428;Motorbikes
2750;Motorbikes
8717;Motorbikes
7815;Motorbikes
2085;Motorbikes
8009;Motorbikes
495;Motorbikes
6595;Motorbikes
1993;Motorbikes
1441;Motorbikes
9133;Motorbikes
523;Motorbikes
5491;Motorbikes
5909;Motorbikes
6848;Motorbikes
6596;Motorbikes
5919;Motorbikes
3248;Motorbikes
5980;Motorbikes
940;Motorbikes
5321;Motorbikes
3176;Motorbikes
1933;Motorbikes
7399;Motorbikes
1866;Motorbikes
935;Motorbikes
3799;Motorbikes
2989;Motorbikes
5265;Motorbikes
4123;Motorbikes
7827;Motorbikes
6634;Motorbikes
856;Motorbikes
8719;Motorbikes
2836;Motorbikes
6757;Motorbikes
5827;Motorbikes
2471;Motorbikes
980;airplanes
8817;airplanes
1427;airplanes
3899;airplanes
1825;airplanes
4912;airplanes
2425;airplanes
1800;airplanes
8882;airplanes
6034;airplanes
6942;airplanes
2518;airplanes
7221;airplanes
5437;airplanes
514;airplanes
5272;airplanes
7047;airplanes
2875;airplanes
3549;airplanes
5850;airplanes
3969;airplanes
5949;airplanes
8488;airplanes
1233;airplanes
8307;airplanes
3832;airplanes
137;airplanes
1447;airplanes
6263;airplanes
5190;airplanes
1013;airplanes
7859;airplanes
3701;airplanes
6693;airplanes
8759;airplanes
973;airplanes
7957;airplanes
1362;airplanes
2949;airplanes
1216;airplanes
579;airplanes
4429;airplanes
654;airplanes
5756;airplanes
3513;airplanes
1637;airplanes
6785;airplanes
6803;airplanes
1501;airplanes
5382;airplanes
939;airplanes
336;airplanes
6755;airplanes
5646;airplanes
7580;airplanes
6218;airplanes
4164;airplanes
3580;airplanes
7658;airplanes
5719;airplanes
4381;airplanes
979;airplanes
6784;airplanes
3603;airplanes
6174;airplanes
5712;airplanes
509;airplanes
4213;airplanes
7350;airplanes
7765;airplanes
3531;airplanes
6358;airplanes
6415;airplanes
1566;airplanes
6886;airplanes
8112;airplanes
184;airplanes
4690;airplanes
8781;airplanes
2492;airplanes
381;airplanes
7432;airplanes
4047;airplanes
7032;airplanes
5121;airplanes
123;airplanes
7231;airplanes
2538;airplanes
4952;airplanes
7469;airplanes
6514;airplanes
6842;airplanes
7394;airplanes
6574;airplanes
295;airplanes
6359;airplanes
5062;airplanes
3474;airplanes
5353;airplanes
9049;airplanes
4261;airplanes
1909;airplanes
5200;airplanes
288;airplanes
3632;airplanes
7063;airplanes
6017;airplanes
5892;airplanes
4721;airplanes
2173;airplanes
7102;airplanes
1698;airplanes
990;airplanes
6608;airplanes
6367;airplanes
5668;airplanes
150;airplanes
2574;airplanes
2342;airplanes
3835;airplanes
7223;airplanes
3574;airplanes
923;airplanes
5847;airplanes
5534;airplanes
5198;airplanes
4480;airplanes
6618;airplanes
7536;airplanes
7186;airplanes
867;airplanes
4165;airplanes
3196;airplanes
3333;airplanes
5732;airplanes
8237;airplanes
4140;airplanes
7874;airplanes
5874;airplanes
5977;airplanes
6779;airplanes
2231;airplanes
1622;airplanes
2118;airplanes
633;airplanes
3167;airplanes
6096;airplanes
1760;airplanes
9112;airplanes
950;airplanes
4117;airplanes
218;airplanes
4155;airplanes
5961;airplanes
3738;airplanes
4451;airplanes
3134;airplanes
6340;airplanes
6337;airplanes
3570;airplanes
3987;airplanes
5982;airplanes
1924;airplanes
1503;airplanes
1872;airplanes
6463;airplanes
7449;airplanes
3853;airplanes
78;airplanes
4565;airplanes
1372;airplanes
5810;airplanes
2857;airplanes
8757;airplanes
4382;airplanes
5658;airplanes
862;airplanes
532;airplanes
8005;airplanes
4200;airplanes
5222;airplanes
1532;airplanes
5833;airplanes
3395;airplanes
7460;airplanes
3890;airplanes
6986;airplanes
4286;airplanes
6591;airplanes
7920;airplanes
7848;airplanes
6811;airplanes
5082;airplanes
787;airplanes
3712;airplanes
8601;airplanes
6727;airplanes
6721;airplanes
776;airplanes
3961;airplanes
4972;airplanes
4271;airplanes
2122;airplanes
4743;airplanes
3400;airplanes
7116;airplanes
2508;airplanes
1458;airplanes
2093;airplanes
5991;airplanes
727;airplanes
7779;airplanes
6499;airplanes
2606;airplanes
7070;airplanes
8019;airplanes
3543;airplanes
1083;airplanes
8729;airplanes
5592;airplanes
3535;airplanes
6977;airplanes
3245;airplanes
8837;airplanes
7885;airplanes
3389;airplanes
2517;airplanes
8614;airplanes
7167;airplanes
439;airplanes
4913;airplanes
470;airplanes
5116;airplanes
2571;airplanes
8862;airplanes
502;airplanes
6927;airplanes
5824;airplanes
5515;airplanes
1139;airplanes
7585;airplanes
7616;airplanes
2181;airplanes
7067;airplanes
8796;airplanes
6871;airplanes
4400;airplanes
2506;airplanes
6916;airplanes
4858;airplanes
4390;airplanes
5723;airplanes
6342;airplanes
3022;airplanes
1058;airplanes
5410;airplanes
8856;airplanes
448;airplanes
3059;airplanes
2636;airplanes
1042;airplanes
6763;airplanes
292;airplanes
6903;airplanes
5133;airplanes
2184;airplanes
1117;airplanes
242;airplanes
7547;airplanes
4067;airplanes
1950;airplanes
4355;airplanes
8607;airplanes
6738;airplanes
4707;airplanes
1044;airplanes
1360;airplanes
8742;airplanes
2038;airplanes
8802;airplanes
1531;airplanes
6724;airplanes
692;airplanes
3470;airplanes
8413;airplanes
1802;airplanes
8118;airplanes
2578;airplanes
7470;airplanes
5421;airplanes
7213;airplanes
1418;airplanes
3278;airplanes
4938;airplanes
1930;airplanes
4723;airplanes
6439;airplanes
101;airplanes
7204;airplanes
1031;airplanes
4202;airplanes
3746;airplanes
4301;airplanes
5476;airplanes
3009;airplanes
6987;airplanes
6241;airplanes
1922;airplanes
5436;airplanes
7899;airplanes
2638;airplanes
3463;airplanes
858;airplanes
673;airplanes
8922;airplanes
1658;airplanes
7862;airplanes
7175;airplanes
5227;airplanes
7228;airplanes
2569;airplanes
2792;airplanes
2686;airplanes
1920;airplanes
836;airplanes
6667;airplanes
567;airplanes
8953;airplanes
5306;airplanes
6765;airplanes
800;airplanes
5857;airplanes
7798;airplanes
46;airplanes
4854;airplanes
1715;airplanes
3765;airplanes
2655;airplanes
5244;airplanes
5875;airplanes
7630;airplanes
7008;airplanes
998;airplanes
7832;airplanes
318;airplanes
4752;airplanes
4987;airplanes
6999;airplanes
5324;airplanes
4009;airplanes
626;airplanes
3170;airplanes
4637;airplanes
8871;airplanes
8842;airplanes
103;airplanes
3822;airplanes
3776;airplanes
1456;airplanes
2180;airplanes
611;airplanes
4763;airplanes
5021;airplanes
158;airplanes
8293;airplanes
397;airplanes
2404;airplanes
190;airplanes
1097;airplanes
6213;airplanes
413;airplanes
5770;airplanes
7812;airplanes
3031;airplanes
449;airplanes
6152;airplanes
6872;airplanes
4204;airplanes
5308;airplanes
4759;airplanes
3709;airplanes
4907;airplanes
4016;airplanes
283;airplanes
508;airplanes
7856;airplanes
2127;airplanes
3782;airplanes
3138;airplanes
7340;airplanes
7224;airplanes
281;airplanes
4999;airplanes
4885;airplanes
5119;airplanes
5611;airplanes
6217;airplanes
831;airplanes
4305;airplanes
1232;airplanes
8753;emu
210;emu
2982;emu
1293;emu
3473;emu
5178;emu
2254;emu
6325;emu
5162;emu
932;emu
6735;emu
690;emu
8561;emu
571;emu
8569;emu
4413;emu
1389;emu
5215;emu
6024;emu
7762;emu
1091;emu
8530;emu
8655;emu
4919;emu
4564;emu
70;emu
2403;pizza
5319;pizza
5587;pizza
4708;pizza
3325;pizza
2724;pizza
8619;pizza
6095;pizza
2513;pizza
628;pizza
6115;pizza
3496;pizza
2554;pizza
966;pizza
535;pizza
6891;pizza
8056;pizza
6598;pizza
4792;pizza
108;pizza
8281;pizza
393;pizza
3156;pizza
3239;pizza
3826;pizza
6110;pizza
1979;wrench
1218;wrench
3956;wrench
3741;wrench
2763;wrench
7140;wrench
3500;wrench
5446;wrench
7100;wrench
3027;wrench
6744;wrench
8292;wrench
1499;wrench
152;wrench
6019;wrench
8703;wrench
30;wrench
3815;wrench
1311;wrench
1492;cup
894;cup
2808;cup
4026;cup
7463;cup
3426;cup
2318;cup
50;cup
8551;cup
4968;cup
6345;cup
791;cup
4860;cup
7479;cup
5830;cup
7227;cup
5092;cup
5488;cup
2673;cup
5981;cup
2803;cup
5838;cup
4136;cup
1005;cup
4042;cup
32;cup
4482;cup
1341;cup
5705;dolphin
1310;dolphin
3732;dolphin
879;dolphin
6223;dolphin
735;dolphin
718;dolphin
7754;dolphin
1184;dolphin
6616;dolphin
604;dolphin
6114;dolphin
8876;dolphin
3984;dolphin
1270;dolphin
4128;dolphin
762;dolphin
7719;dolphin
5984;dolphin
8035;dolphin
6882;dolphin
35;dolphin
4163;dolphin
5118;dolphin
2968;dolphin
539;dolphin
5992;dolphin
2948;dolphin
2920;dolphin
8347;dolphin
1060;dolphin
2851;dolphin
37;sunflower
8414;sunflower
4043;sunflower
922;sunflower
5686;sunflower
4927;sunflower
8677;sunflower
6967;sunflower
883;sunflower
4560;sunflower
2828;sunflower
2579;sunflower
1625;sunflower
1112;sunflower
5479;sunflower
1269;sunflower
2674;sunflower
697;sunflower
3868;sunflower
8977;sunflower
8243;sunflower
518;sunflower
8464;sunflower
6552;sunflower
1906;sunflower
8239;sunflower
8524;sunflower
1729;sunflower
248;sunflower
3285;sunflower
4019;sunflower
1342;sunflower
8310;sunflower
3700;sunflower
8084;sunflower
4456;sunflower
5312;sunflower
8632;sunflower
4851;sunflower
1095;sunflower
8037;sunflower
1655;sunflower
7728;ibis
2876;ibis
2930;ibis
3817;ibis
8066;ibis
1068;ibis
2647;ibis
3905;ibis
3933;ibis
5596;ibis
1429;ibis
7568;ibis
4209;ibis
2726;ibis
1651;ibis
2899;ibis
6191;ibis
5050;ibis
434;ibis
4664;ibis
3808;ibis
3005;ibis
7261;ibis
1371;ibis
8169;ibis
910;ibis
7803;ibis
3792;ibis
1945;ibis
5699;ibis
4156;ibis
40;ibis
3427;ibis
8960;ibis
5295;ibis
5394;ibis
5289;ibis
7785;ibis
2433;ibis
576;ibis
793;menorah
4231;menorah
1242;menorah
4888;menorah
1164;menorah
7259;menorah
4100;menorah
4439;menorah
4929;menorah
5763;menorah
1188;menorah
8528;menorah
7793;menorah
6777;menorah
4440;menorah
42;menorah
4085;menorah
8105;menorah
5940;menorah
8755;menorah
2798;menorah
7705;menorah
1262;menorah
3630;menorah
9051;menorah
7800;menorah
4616;menorah
5226;menorah
4303;menorah
6940;menorah
6920;menorah
1540;menorah
4366;menorah
5340;menorah
290;menorah
2608;menorah
3554;menorah
7207;menorah
8358;menorah
3974;menorah
1937;menorah
339;menorah
7483;menorah
5621;cellphone
8123;cellphone
1901;cellphone
4218;cellphone
8466;cellphone
3676;cellphone
6247;cellphone
1400;cellphone
3339;cellphone
1912;cellphone
3816;cellphone
7011;cellphone
1084;cellphone
2307;cellphone
7581;cellphone
1382;cellphone
3229;cellphone
6799;cellphone
2233;cellphone
7164;cellphone
6989;cellphone
1829;cellphone
8483;cellphone
6276;cellphone
258;cellphone
679;cellphone
5664;cellphone
8760;cellphone
6544;cellphone
3516;umbrella
8475;umbrella
7413;umbrella
461;umbrella
4959;umbrella
4827;umbrella
4586;umbrella
5744;umbrella
7689;umbrella
2033;umbrella
4614;umbrella
3097;umbrella
3480;umbrella
6353;umbrella
251;umbrella
2527;umbrella
4608;umbrella
7629;umbrella
8690;umbrella
7607;umbrella
3794;umbrella
3374;umbrella
6607;umbrella
6741;umbrella
8911;umbrella
6346;umbrella
2312;umbrella
6953;umbrella
2764;umbrella
8274;umbrella
8987;umbrella
1170;umbrella
3273;umbrella
3147;umbrella
1247;umbrella
3331;umbrella
1175;umbrella
3627;stop_sign
8147;stop_sign
1494;stop_sign
7306;stop_sign
2705;stop_sign
8218;stop_sign
5975;stop_sign
3713;stop_sign
3004;stop_sign
53;stop_sign
1996;stop_sign
6904;stop_sign
9129;stop_sign
2114;stop_sign
4383;stop_sign
2027;stop_sign
3762;stop_sign
7438;stop_sign
8214;stop_sign
8298;stop_sign
6314;stop_sign
3179;stop_sign
6683;stop_sign
8513;stop_sign
1365;stop_sign
8132;stop_sign
912;stop_sign
8697;stop_sign
222;stop_sign
2853;stop_sign
6624;stop_sign
8315;stop_sign
6447;schooner
1716;schooner
2388;schooner
665;schooner
6507;schooner
4059;schooner
5895;schooner
7026;schooner
3911;schooner
7985;schooner
7457;schooner
8990;schooner
8572;schooner
7618;schooner
4951;schooner
3032;schooner
3797;schooner
2168;schooner
6867;schooner
4040;schooner
5128;schooner
5703;schooner
4353;schooner
1082;schooner
6805;schooner
4627;schooner
4143;schooner
3425;schooner
4628;schooner
5414;schooner
3784;schooner
8628;ferry
1364;ferry
5247;ferry
5218;ferry
3993;ferry
7588;ferry
3743;ferry
8113;ferry
4793;ferry
3254;ferry
3253;ferry
7165;ferry
1890;ferry
8557;ferry
2670;ferry
2536;ferry
6831;ferry
5224;ferry
99;ferry
1936;ferry
8495;ferry
6267;ferry
8097;ferry
6068;ferry
1145;ferry
236;ferry
3015;ferry
2720;ferry
6455;ferry
8384;ferry
1812;ferry
685;ferry
6584;ferry
8590;flamingo
5010;flamingo
3588;flamingo
4151;flamingo
1273;flamingo
5953;flamingo
3900;flamingo
3461;flamingo
6127;flamingo
5035;flamingo
5273;flamingo
4765;flamingo
329;flamingo
7940;flamingo
5829;flamingo
8564;flamingo
138;flamingo
2934;flamingo
1919;flamingo
240;flamingo
4051;flamingo
8854;flamingo
5627;flamingo
5768;flamingo
8595;flamingo
6885;flamingo
2530;flamingo
5576;flamingo
8806;flamingo
4538;flamingo
4844;flamingo
2952;flamingo
57;flamingo
5239;hedgehog
6294;hedgehog
8577;hedgehog
8065;hedgehog
5083;hedgehog
5955;hedgehog
8653;hedgehog
8939;hedgehog
5155;hedgehog
8178;hedgehog
1467;hedgehog
8092;hedgehog
8209;hedgehog
4132;hedgehog
7417;hedgehog
2767;hedgehog
1521;hedgehog
7431;hedgehog
4385;hedgehog
1641;hedgehog
7551;hedgehog
1051;hedgehog
58;hedgehog
1015;hedgehog
7823;hedgehog
2540;hedgehog
723;hedgehog
60;pagoda
3639;pagoda
3354;pagoda
2451;pagoda
696;pagoda
3501;pagoda
2151;pagoda
4821;pagoda
1071;pagoda
4967;pagoda
7274;pagoda
8087;pagoda
5453;pagoda
8750;pagoda
7364;pagoda
901;pagoda
7700;pagoda
3534;pagoda
7481;pagoda
2436;pagoda
8433;pagoda
4875;pagoda
2186;pagoda
64;saxophone
3654;saxophone
2335;saxophone
5129;saxophone
4713;saxophone
1554;saxophone
5172;saxophone
7804;saxophone
1488;saxophone
169;saxophone
3556;saxophone
6227;saxophone
3468;saxophone
5493;saxophone
1388;saxophone
5028;saxophone
6029;saxophone
3034;saxophone
8318;saxophone
5298;saxophone
6375;chandelier
2205;chandelier
1773;chandelier
1603;chandelier
2962;chandelier
8982;chandelier
1682;chandelier
6934;chandelier
3585;chandelier
5447;chandelier
3780;chandelier
4255;chandelier
8732;chandelier
3683;chandelier
1490;chandelier
5291;chandelier
4712;chandelier
8070;chandelier
2871;chandelier
5338;chandelier
2500;chandelier
2269;chandelier
1601;chandelier
3742;chandelier
186;chandelier
2799;chandelier
1527;chandelier
3226;chandelier
8181;chandelier
4372;chandelier
7577;chandelier
6594;chandelier
550;chandelier
8346;chandelier
5553;chandelier
337;chandelier
8799;chandelier
2521;chandelier
4377;chandelier
3611;chandelier
4281;chandelier
212;chandelier
8007;chandelier
67;chandelier
5853;chandelier
327;chandelier
4248;chandelier
3972;chandelier
3937;chandelier
655;chandelier
497;chandelier
6629;chandelier
4874;chandelier
2503;sea_horse
9041;sea_horse
8100;sea_horse
1335;sea_horse
6858;sea_horse
7277;sea_horse
8104;sea_horse
2134;sea_horse
8499;sea_horse
5725;sea_horse
232;sea_horse
3758;sea_horse
1758;sea_horse
8255;sea_horse
8228;sea_horse
8691;sea_horse
8576;sea_horse
7236;sea_horse
7515;sea_horse
6308;sea_horse
6503;sea_horse
3547;sea_horse
8225;sea_horse
7426;sea_horse
6100;sea_horse
5076;sea_horse
2120;sea_horse
5250;sea_horse
7673;pigeon
7375;pigeon
5665;pigeon
6908;pigeon
2340;pigeon
71;pigeon
7613;pigeon
9101;pigeon
2960;pigeon
3214;pigeon
3302;pigeon
6524;pigeon
4160;pigeon
3175;pigeon
7444;pigeon
370;pigeon
6974;pigeon
4773;pigeon
5927;pigeon
3621;pigeon
1317;pigeon
2237;pigeon
6243;hawksbill
1738;hawksbill
2682;hawksbill
2789;hawksbill
6436;hawksbill
1958;hawksbill
5051;hawksbill
7548;hawksbill
373;hawksbill
7795;hawksbill
8526;hawksbill
6131;hawksbill
8805;hawksbill
4476;hawksbill
6531;hawksbill
5015;hawksbill
5112;hawksbill
5730;hawksbill
3791;hawksbill
5928;hawksbill
2512;hawksbill
1823;hawksbill
5175;hawksbill
1589;hawksbill
6748;hawksbill
552;hawksbill
2372;hawksbill
4790;hawksbill
5147;hawksbill
3269;hawksbill
6178;hawksbill
6132;hawksbill
8933;hawksbill
661;hawksbill
4638;hawksbill
3487;hawksbill
2514;hawksbill
8252;hawksbill
4653;hawksbill
4020;hawksbill
2463;hawksbill
7033;hawksbill
3888;hawksbill
8981;hawksbill
1416;hawksbill
9057;hawksbill
1899;hawksbill
8940;hawksbill
4569;hawksbill
2250;hawksbill
3371;euphonium
7799;euphonium
7681;euphonium
4595;euphonium
8409;euphonium
1547;euphonium
6279;euphonium
399;euphonium
6322;euphonium
5136;euphonium
1337;euphonium
6239;euphonium
371;euphonium
1830;euphonium
3514;euphonium
6104;euphonium
2377;euphonium
8250;euphonium
8808;euphonium
8964;euphonium
4847;euphonium
5482;euphonium
2787;euphonium
4856;euphonium
7418;euphonium
76;euphonium
8449;euphonium
9123;euphonium
6846;euphonium
2191;euphonium
8474;euphonium
4438;euphonium
8733;rhino
7024;rhino
7488;rhino
1299;rhino
1177;rhino
5642;rhino
4036;rhino
2592;rhino
986;rhino
1387;rhino
1848;rhino
1353;rhino
4871;rhino
9090;rhino
3803;rhino
7436;rhino
7851;rhino
4097;rhino
4443;rhino
4895;rhino
4991;rhino
3607;rhino
3322;rhino
6390;rhino
309;rhino
2008;rhino
1054;rhino
8748;rhino
4357;rhino
3290;flamingo_head
1986;flamingo_head
3334;flamingo_head
6517;flamingo_head
2422;flamingo_head
8860;flamingo_head
2681;flamingo_head
2649;flamingo_head
5510;flamingo_head
8978;flamingo_head
85;flamingo_head
9107;flamingo_head
375;flamingo_head
631;flamingo_head
1752;flamingo_head
6664;flamingo_head
8174;flamingo_head
7317;flamingo_head
1135;flamingo_head
139;flamingo_head
1465;flamingo_head
4644;flamingo_head
3759;kangaroo
859;kangaroo
725;kangaroo
440;kangaroo
4206;kangaroo
5462;kangaroo
5053;kangaroo
111;kangaroo
7550;kangaroo
2089;kangaroo
3112;kangaroo
7739;kangaroo
578;kangaroo
3479;kangaroo
372;kangaroo
5662;kangaroo
88;kangaroo
7382;kangaroo
3178;kangaroo
806;kangaroo
505;kangaroo
1153;kangaroo
6601;kangaroo
6207;kangaroo
2607;kangaroo
403;kangaroo
2696;kangaroo
1378;kangaroo
344;kangaroo
6750;kangaroo
1161;kangaroo
4345;kangaroo
4403;kangaroo
3830;kangaroo
1850;kangaroo
8494;kangaroo
4205;kangaroo
3519;kangaroo
558;kangaroo
7541;kangaroo
2032;kangaroo
5669;kangaroo
2292;kangaroo
6158;buddha
6508;buddha
8489;buddha
1990;buddha
3672;buddha
3952;buddha
1035;buddha
7415;buddha
2790;buddha
2509;buddha
5986;buddha
454;buddha
3840;buddha
761;buddha
6107;buddha
3287;buddha
8970;buddha
8047;buddha
1997;buddha
7478;buddha
9079;buddha
9063;buddha
6688;buddha
430;buddha
7300;buddha
5735;buddha
4050;buddha
3376;buddha
96;buddha
5315;buddha
4693;buddha
6876;buddha
8821;buddha
1277;buddha
3383;buddha
3075;buddha
3453;buddha
4002;buddha
6421;buddha
2334;buddha
6035;buddha
6259;buddha
4052;revolver
97;revolver
7275;revolver
600;revolver
1423;revolver
6529;revolver
3440;revolver
4299;revolver
1821;revolver
4336;revolver
6043;revolver
2391;revolver
6580;revolver
2859;revolver
6585;revolver
1131;revolver
7075;revolver
6682;revolver
335;revolver
5516;revolver
8620;revolver
1244;revolver
5549;revolver
4332;revolver
2704;revolver
1351;revolver
2055;revolver
6189;revolver
3678;revolver
2437;revolver
3613;revolver
8900;revolver
3369;revolver
4081;revolver
7750;revolver
5386;revolver
1941;revolver
7638;revolver
177;revolver
719;revolver
2537;revolver
3563;lamp
1284;lamp
2742;lamp
7279;lamp
6758;lamp
6274;lamp
978;lamp
7796;lamp
8758;lamp
1746;lamp
2756;lamp
1347;lamp
4514;lamp
1880;lamp
7357;lamp
2916;lamp
3865;lamp
8442;lamp
2723;lamp
2072;lamp
5300;lamp
9050;lamp
4021;lamp
4326;lamp
1376;lamp
7448;lamp
4037;lamp
6671;lamp
8715;lamp
102;lamp
6039;grand_piano
2360;grand_piano
2634;grand_piano
6088;grand_piano
3982;grand_piano
3836;grand_piano
4649;grand_piano
3582;grand_piano
5427;grand_piano
6720;grand_piano
808;grand_piano
4787;grand_piano
8272;grand_piano
9106;grand_piano
192;grand_piano
5459;grand_piano
779;grand_piano
8385;grand_piano
4673;grand_piano
346;grand_piano
1669;grand_piano
7721;grand_piano
9027;grand_piano
8048;grand_piano
7323;grand_piano
7584;grand_piano
6282;grand_piano
7672;grand_piano
8288;grand_piano
7600;grand_piano
3943;grand_piano
3231;grand_piano
5430;grand_piano
2003;grand_piano
4185;grand_piano
2177;grand_piano
4432;grand_piano
9143;grand_piano
6290;grand_piano
996;grand_piano
5571;grand_piano
6833;grand_piano
4251;grand_piano
2603;grand_piano
2740;grand_piano
2897;grand_piano
8779;grand_piano
8929;grand_piano
8574;grand_piano
8693;nautilus
4906;nautilus
7853;nautilus
4435;nautilus
8996;nautilus
533;nautilus
2993;nautilus
8645;nautilus
109;nautilus
2142;nautilus
4502;nautilus
810;nautilus
6038;nautilus
4920;nautilus
4676;nautilus
1639;nautilus
435;nautilus
1165;nautilus
4378;nautilus
4253;nautilus
3745;nautilus
6912;nautilus
8417;nautilus
8813;nautilus
2956;nautilus
2800;nautilus
3845;nautilus
2476;stapler
6525;stapler
733;stapler
1565;stapler
693;stapler
8157;stapler
2192;stapler
2659;stapler
1807;stapler
5660;stapler
3233;stapler
656;stapler
1303;stapler
6844;stapler
8480;stapler
8033;stapler
6105;stapler
187;stapler
4819;stapler
4297;stapler
5722;stapler
825;stapler
843;mandolin
5836;mandolin
5345;mandolin
114;mandolin
6900;mandolin
1428;mandolin
5944;mandolin
7880;mandolin
3182;mandolin
3505;mandolin
5586;mandolin
4995;mandolin
5115;mandolin
4784;mandolin
3981;mandolin
4257;mandolin
7674;mandolin
8166;mandolin
8460;mandolin
427;mandolin
4262;mandolin
5203;water_lilly
1762;water_lilly
857;water_lilly
999;water_lilly
3459;water_lilly
2937;water_lilly
2780;water_lilly
4848;water_lilly
7801;water_lilly
5288;water_lilly
116;water_lilly
4535;water_lilly
3684;water_lilly
6859;water_lilly
4528;water_lilly
1336;water_lilly
2933;water_lilly
1055;water_lilly
3857;bonsai
5620;bonsai
2279;bonsai
1647;bonsai
3823;bonsai
962;bonsai
466;bonsai
639;bonsai
3006;bonsai
2236;bonsai
8465;bonsai
7188;bonsai
8410;bonsai
8861;bonsai
4687;bonsai
4531;bonsai
477;bonsai
6567;bonsai
8141;bonsai
6545;bonsai
1073;bonsai
6052;bonsai
5135;bonsai
6138;bonsai
3640;bonsai
5774;bonsai
1352;bonsai
6193;bonsai
1548;bonsai
2398;bonsai
8834;bonsai
2274;bonsai
7151;bonsai
1256;bonsai
1713;bonsai
5736;bonsai
635;bonsai
3710;bonsai
369;bonsai
3564;bonsai
8014;bonsai
6972;bonsai
3065;bonsai
5055;bonsai
6997;bonsai
2573;bonsai
7943;bonsai
938;bonsai
6611;bonsai
6412;bonsai
7631;bonsai
4082;bonsai
8722;bonsai
2580;bonsai
2067;bonsai
5805;bonsai
1279;bonsai
5376;bonsai
1921;bonsai
530;bonsai
2293;bonsai
4786;bonsai
6278;bonsai
4289;bonsai
6949;octopus
8866;octopus
3184;octopus
5957;octopus
1225;octopus
4022;octopus
5098;octopus
4134;octopus
7495;octopus
3546;octopus
5654;octopus
7045;octopus
8042;octopus
7219;octopus
5885;octopus
3148;octopus
4465;octopus
7835;anchor
5717;anchor
2935;anchor
1300;anchor
8803;anchor
3670;anchor
4328;anchor
1007;anchor
3235;anchor
5769;anchor
2896;anchor
3595;anchor
7932;anchor
7314;anchor
7041;anchor
6793;anchor
2383;anchor
4805;anchor
1222;anchor
3402;anchor
4404;anchor
7158;wild_cat
6609;wild_cat
4789;wild_cat
3954;wild_cat
3895;wild_cat
5111;wild_cat
3942;wild_cat
1276;wild_cat
8456;wild_cat
4940;wild_cat
9121;wild_cat
1799;wild_cat
2065;wild_cat
548;wild_cat
8351;wild_cat
3163;wild_cat
5519;wild_cat
2083;gramophone
5388;gramophone
3766;gramophone
9111;gramophone
7533;gramophone
4180;gramophone
2190;gramophone
8136;gramophone
127;gramophone
6819;gramophone
9026;gramophone
2462;gramophone
3060;gramophone
9052;gramophone
8079;gramophone
676;gramophone
3903;gramophone
6244;gramophone
264;gramophone
3920;gramophone
2345;gramophone
8110;gramophone
3117;gramophone
2357;gramophone
9017;gramophone
8713;cougar_body
7268;cougar_body
2075;cougar_body
8683;cougar_body
5310;cougar_body
6376;cougar_body
4630;cougar_body
7106;cougar_body
8408;cougar_body
5048;cougar_body
8626;cougar_body
5102;cougar_body
6351;cougar_body
129;cougar_body
7693;cougar_body
4694;cougar_body
7170;cougar_body
8146;cougar_body
6816;cougar_body
5366;cougar_body
1949;cougar_body
4918;cougar_body
1254;cougar_body
5773;pyramid
4215;pyramid
755;pyramid
2026;pyramid
612;pyramid
4937;pyramid
500;pyramid
3623;pyramid
4970;pyramid
2493;pyramid
3537;pyramid
9030;pyramid
5921;pyramid
4304;pyramid
1588;pyramid
2401;pyramid
7487;pyramid
5465;pyramid
2593;pyramid
7329;pyramid
5091;pyramid
4772;pyramid
3089;pyramid
841;pyramid
8219;pyramid
131;pyramid
8535;pyramid
4556;pyramid
6075;llama
9020;llama
6341;llama
851;llama
4371;llama
1385;llama
4916;llama
3033;llama
6711;llama
2440;llama
619;llama
7414;llama
7913;llama
3434;llama
4615;llama
460;llama
7709;llama
4527;llama
353;llama
132;llama
6183;llama
8570;llama
6261;llama
8369;llama
6556;llama
1545;llama
362;llama
2325;llama
562;llama
8134;llama
7146;llama
4393;llama
8436;llama
2644;llama
6425;llama
7422;llama
8069;llama
1706;llama
4873;llama
145;okapi
1730;okapi
1138;okapi
4747;okapi
1509;okapi
3955;okapi
4516;okapi
702;okapi
2430;okapi
8630;okapi
6728;okapi
7349;okapi
4864;okapi
6391;okapi
3641;okapi
5304;okapi
6959;okapi
6929;okapi
5201;okapi
3917;starfish
6236;starfish
3315;starfish
4225;starfish
8053;starfish
5143;starfish
4594;starfish
8736;starfish
6817;starfish
1593;starfish
7778;starfish
8057;starfish
149;starfish
3719;starfish
2408;starfish
8800;starfish
577;starfish
595;starfish
2441;starfish
5828;starfish
463;starfish
8017;starfish
5997;starfish
1857;starfish
2428;starfish
6195;starfish
1231;starfish
7143;starfish
2195;starfish
3442;starfish
8098;starfish
7869;starfish
1118;starfish
7611;starfish
1654;starfish
6662;starfish
1612;starfish
3901;starfish
1215;starfish
1966;starfish
7471;starfish
9117;starfish
1520;starfish
5823;metronome
2402;metronome
4867;metronome
3644;metronome
4699;metronome
8398;metronome
7065;metronome
1029;metronome
2300;metronome
5714;metronome
2415;metronome
8529;metronome
916;metronome
422;metronome
4242;metronome
8207;metronome
3121;crab
8545;crab
379;crab
6966;crab
3844;crab
5229;crab
8126;crab
2963;crab
5776;crab
6055;crab
7046;crab
5959;crab
6312;crab
1152;crab
1570;crab
155;crab
1464;crab
6465;crab
359;crab
1560;crab
1970;crab
2849;crab
194;crab
6492;crab
8894;crab
2477;crab
7486;crab
7655;crab
2483;crab
5019;crab
8221;crab
5161;crab
233;crab
817;crab
1774;crab
8325;crab
2598;helicopter
7745;helicopter
4822;helicopter
7056;helicopter
8273;helicopter
5812;helicopter
8602;helicopter
5390;helicopter
4801;helicopter
599;helicopter
3040;helicopter
3044;helicopter
6394;helicopter
433;helicopter
8313;helicopter
6473;helicopter
8187;helicopter
1648;helicopter
6954;helicopter
2728;helicopter
2504;helicopter
4467;helicopter
4590;helicopter
3055;helicopter
1861;helicopter
2810;helicopter
8111;helicopter
1923;helicopter
1804;helicopter
4966;helicopter
8950;helicopter
6057;helicopter
6059;helicopter
4148;helicopter
6317;helicopter
6980;helicopter
4053;helicopter
4855;helicopter
1628;helicopter
1313;helicopter
2417;helicopter
7012;helicopter
5546;helicopter
8948;helicopter
6830;crocodile
5264;crocodile
363;crocodile
3144;crocodile
8553;crocodile
9096;crocodile
6411;crocodile
5861;crocodile
6737;crocodile
2264;crocodile
1932;crocodile
6730;crocodile
7211;crocodile
1686;crocodile
3538;crocodile
3893;crocodile
4045;crocodile
2835;crocodile
7849;crocodile
167;crocodile
5938;crocodile
7965;crocodile
8160;crocodile
924;crocodile
4501;crocodile
1694;scissors
4354;scissors
5796;scissors
404;scissors
5678;scissors
3663;scissors
559;scissors
6362;scissors
8440;scissors
2878;scissors
2296;scissors
5017;scissors
8088;scissors
3062;scissors
4830;scissors
8763;scissors
8321;scissors
6491;scissors
8881;scissors
1230;stegosaurus
1374;stegosaurus
3258;stegosaurus
3088;stegosaurus
9069;stegosaurus
1512;stegosaurus
4447;stegosaurus
171;stegosaurus
988;stegosaurus
5328;stegosaurus
342;stegosaurus
7048;stegosaurus
2713;stegosaurus
5807;stegosaurus
6532;stegosaurus
4928;stegosaurus
8629;stegosaurus
1201;stegosaurus
8390;stegosaurus
4540;stegosaurus
1507;stegosaurus
5645;stegosaurus
3594;stegosaurus
265;stegosaurus
4973;stegosaurus
7209;stegosaurus
5316;stegosaurus
5058;stegosaurus
9100;stegosaurus
8705;bass
963;bass
5612;bass
4483;bass
3320;bass
8641;bass
5402;bass
6874;bass
1123;bass
462;bass
8154;bass
2823;bass
1927;bass
3565;bass
445;bass
4250;bass
4322;bass
5443;bass
1282;bass
7603;bass
8411;bass
4834;bass
2097;bass
2150;bass
4484;bass
1463;bass
4461;bass
6712;beaver
6451;beaver
987;beaver
5659;beaver
5590;beaver
1913;beaver
1783;beaver
1108;beaver
8064;beaver
2421;beaver
8360;beaver
493;beaver
2442;beaver
1098;beaver
9128;beaver
2998;beaver
341;beaver
8493;beaver
4101;beaver
5803;beaver
4397;beaver
1610;beaver
475;beaver
3801;elephant
7392;elephant
6649;elephant
6194;elephant
4041;elephant
6702;elephant
2977;elephant
6881;elephant
1473;elephant
7529;elephant
6673;elephant
6636;elephant
7723;elephant
3932;elephant
5347;elephant
188;elephant
7587;elephant
6072;elephant
6142;elephant
7027;elephant
8594;elephant
8973;elephant
6464;elephant
7099;elephant
3355;elephant
4750;elephant
8980;elephant
2738;elephant
3391;elephant
4992;elephant
4450;elephant
7978;elephant
2030;windsor_chair
6847;windsor_chair
1390;windsor_chair
7296;windsor_chair
199;windsor_chair
9012;windsor_chair
5887;windsor_chair
1598;windsor_chair
1975;windsor_chair
2997;windsor_chair
989;windsor_chair
1557;windsor_chair
1785;windsor_chair
7187;windsor_chair
5373;windsor_chair
7834;windsor_chair
3200;windsor_chair
1568;windsor_chair
7454;windsor_chair
6801;windsor_chair
6407;windsor_chair
3424;windsor_chair
3625;windsor_chair
615;windsor_chair
2991;windsor_chair
4780;windsor_chair
3851;windsor_chair
5791;windsor_chair
8746;cannon
204;cannon
2958;cannon
7706;cannon
7325;cannon
2253;cannon
1828;cannon
5346;cannon
5196;cannon
4075;cannon
4395;cannon
3744;cannon
7770;cannon
7245;cannon
1878;cannon
4961;cannon
5950;cannon
2246;cannon
5165;cannon
3824;cannon
2092;cannon
3445;wheelchair
9113;wheelchair
3030;wheelchair
7956;wheelchair
8485;wheelchair
6696;wheelchair
6414;wheelchair
5160;wheelchair
7662;wheelchair
1493;wheelchair
5192;wheelchair
9044;wheelchair
5208;wheelchair
8993;wheelchair
3261;wheelchair
206;wheelchair
2922;wheelchair
6277;wheelchair
7378;wheelchair
2841;wheelchair
2623;wheelchair
5528;wheelchair
3854;wheelchair
2001;wheelchair
4826;wheelchair
6050;wheelchair
4771;wheelchair
3087;wheelchair
4245;wheelchair
5747;ant
1911;ant
7174;ant
3227;ant
1281;ant
9034;ant
2039;ant
213;ant
5375;ant
6187;ant
6280;ant
8549;ant
8497;ant
1559;ant
647;ant
2064;ant
4421;ant
586;ant
7068;ant
6610;ant
3735;ant
5779;garfield
1864;garfield
2199;garfield
6205;garfield
4178;garfield
1399;garfield
3929;garfield
7168;garfield
9002;garfield
1580;garfield
6918;garfield
5840;garfield
4554;garfield
8622;garfield
4401;garfield
3739;garfield
875;garfield
8516;soccer_ball
849;soccer_ball
1873;soccer_ball
7210;soccer_ball
7468;soccer_ball
3923;soccer_ball
588;soccer_ball
8600;soccer_ball
347;soccer_ball
5164;soccer_ball
7530;soccer_ball
7982;soccer_ball
5094;soccer_ball
8114;soccer_ball
4904;soccer_ball
6691;soccer_ball
2306;soccer_ball
4319;soccer_ball
7083;soccer_ball
3262;soccer_ball
1149;soccer_ball
252;soccer_ball
2326;soccer_ball
5274;soccer_ball
6036;soccer_ball
2884;soccer_ball
630;soccer_ball
8089;soccer_ball
2452;soccer_ball
4977;soccer_ball
5371;soccer_ball
8571;soccer_ball
8692;lotus
4702;lotus
2872;lotus
919;lotus
1592;lotus
3976;lotus
5364;lotus
8179;lotus
1384;lotus
5301;lotus
1457;lotus
7855;lotus
6791;lotus
7523;lotus
7355;lotus
259;lotus
5067;lotus
745;lotus
8000;lotus
9115;lotus
5417;lotus
2270;lotus
869;lotus
3094;lotus
8235;lotus
1956;lotus
1782;lotus
3292;lotus
8884;lotus
2172;lotus
6568;lotus
6676;lotus
5355;lotus
7599;ewer
2620;ewer
5095;ewer
8537;ewer
7150;ewer
5188;ewer
1576;ewer
267;ewer
520;ewer
1621;ewer
4550;ewer
7458;ewer
1573;ewer
5671;ewer
603;ewer
1834;ewer
8189;ewer
1524;ewer
1344;ewer
3295;ewer
4665;ewer
7907;ewer
2895;ewer
3717;ewer
3612;ewer
9089;ewer
2299;ewer
4960;ewer
5005;ewer
3619;ewer
8770;ewer
668;ewer
8431;ewer
936;ewer
903;ewer
7928;ewer
4333;ewer
8644;ewer
2676;ewer
6764;ewer
1072;ewer
1968;ewer
2121;panda
2983;panda
5777;panda
1207;panda
2779;panda
1931;panda
6285;panda
385;panda
6251;panda
6551;panda
4669;panda
5580;panda
1417;panda
5801;panda
8197;panda
6005;panda
1599;panda
4058;panda
8471;panda
3814;trilobite
3271;trilobite
8947;trilobite
7954;trilobite
7001;trilobite
3070;trilobite
8236;trilobite
8172;trilobite
7893;trilobite
4579;trilobite
1781;trilobite
7520;trilobite
8857;trilobite
5349;trilobite
459;trilobite
4068;trilobite
8045;trilobite
1199;trilobite
4532;trilobite
8699;trilobite
8734;trilobite
6452;trilobite
6762;trilobite
2091;trilobite
7870;trilobite
7964;trilobite
7042;trilobite
6123;trilobite
7307;trilobite
4238;trilobite
1426;trilobite
2978;trilobite
893;trilobite
8700;trilobite
822;trilobite
4278;trilobite
2031;trilobite
2586;trilobite
7247;trilobite
5695;trilobite
4046;trilobite
7740;trilobite
7267;trilobite
5598;inline_skate
5323;inline_skate
594;inline_skate
7502;inline_skate
5177;inline_skate
5191;inline_skate
7687;inline_skate
7416;inline_skate
4247;inline_skate
614;inline_skate
813;inline_skate
5535;inline_skate
298;inline_skate
6722;inline_skate
1649;inline_skate
3222;electric_guitar
1217;electric_guitar
2927;electric_guitar
2980;electric_guitar
7465;electric_guitar
7773;electric_guitar
7506;electric_guitar
1357;electric_guitar
4174;electric_guitar
2775;electric_guitar
4882;electric_guitar
7419;electric_guitar
1380;electric_guitar
3153;electric_guitar
4198;electric_guitar
4923;electric_guitar
5220;electric_guitar
5670;electric_guitar
3367;electric_guitar
4974;electric_guitar
3037;electric_guitar
8906;electric_guitar
5466;electric_guitar
2438;electric_guitar
300;electric_guitar
5617;electric_guitar
2846;electric_guitar
4314;electric_guitar
3348;electric_guitar
3545;electric_guitar
7126;electric_guitar
2822;electric_guitar
596;electric_guitar
5987;electric_guitar
1597;electric_guitar
7437;electric_guitar
3351;electric_guitar
2277;scorpion
2981;scorpion
1332;scorpion
8131;scorpion
3793;scorpion
8936;scorpion
1840;scorpion
1721;scorpion
587;scorpion
4358;scorpion
6606;scorpion
4129;scorpion
1148;scorpion
6955;scorpion
8067;scorpion
969;scorpion
6947;scorpion
4845;scorpion
6550;scorpion
7014;scorpion
6023;scorpion
303;scorpion
7528;scorpion
5365;scorpion
5369;scorpion
8462;scorpion
7678;scorpion
8117;scorpion
8202;scorpion
8491;scorpion
1662;scorpion
2551;scorpion
3406;scorpion
1182;scorpion
848;scorpion
2000;scorpion
3938;scorpion
4663;scorpion
3764;scorpion
6813;scorpion
4953;scorpion
7303;scorpion
5044;yin_yang
5721;yin_yang
1607;yin_yang
9070;yin_yang
2227;yin_yang
7627;yin_yang
1239;yin_yang
2238;yin_yang
7061;yin_yang
6496;yin_yang
5707;yin_yang
2209;yin_yang
3620;yin_yang
4172;yin_yang
8507;yin_yang
1285;yin_yang
1434;yin_yang
2990;yin_yang
1572;yin_yang
1768;yin_yang
3985;yin_yang
954;yin_yang
6754;yin_yang
6049;yin_yang
8771;yin_yang
2178;yin_yang
3083;yin_yang
1546;yin_yang
2661;yin_yang
4600;yin_yang
6283;headphone
7991;headphone
7947;headphone
4388;headphone
8909;headphone
3894;headphone
700;headphone
823;headphone
3994;headphone
1847;headphone
7094;headphone
2346;headphone
7602;headphone
4146;headphone
1081;headphone
317;headphone
7751;headphone
7549;headphone
6022;headphone
3809;headphone
5117;headphone
8327;lobster
780;lobster
7558;lobster
6466;lobster
7134;lobster
6347;lobster
7265;lobster
4718;lobster
7763;lobster
6073;lobster
2182;lobster
4509;lobster
6630;lobster
8523;lobster
585;lobster
5299;lobster
3064;lobster
921;lobster
2840;lobster
6046;lobster
4115;barrel
2729;barrel
2052;barrel
3704;barrel
1666;barrel
3495;barrel
2992;barrel
6357;barrel
8979;barrel
2534;barrel
8998;barrel
2499;barrel
7716;barrel
2189;barrel
7733;barrel
4691;barrel
7453;barrel
7809;barrel
8458;barrel
3003;barrel
2719;barrel
3308;barrel
3950;barrel
9010;strawberry
5070;strawberry
324;strawberry
6854;strawberry
1692;strawberry
2572;strawberry
8334;strawberry
2371;strawberry
707;strawberry
4076;strawberry
5029;strawberry
1697;strawberry
6820;strawberry
4700;strawberry
5213;strawberry
1766;strawberry
4394;strawberry
3164;dollar_bill
4704;dollar_bill
7144;dollar_bill
6716;dollar_bill
5241;dollar_bill
325;dollar_bill
1638;dollar_bill
6515;dollar_bill
7212;dollar_bill
4930;dollar_bill
4894;dollar_bill
6985;dollar_bill
3635;dollar_bill
1891;dollar_bill
6134;dollar_bill
6053;dollar_bill
4581;dollar_bill
3197;dollar_bill
8521;dollar_bill
8505;dollar_bill
1844;dollar_bill
3947;dollar_bill
3311;dollar_bill
778;dollar_bill
8848;dollar_bill
5146;dollar_bill
6520;mayfly
6620;mayfly
975;mayfly
1660;mayfly
8589;mayfly
3693;mayfly
8540;mayfly
7988;mayfly
2302;mayfly
8696;mayfly
3329;mayfly
7241;mayfly
8391;mayfly
5626;mayfly
2819;mayfly
4596;mayfly
392;mayfly
326;mayfly
4640;mayfly
3877;mayfly
1502;dalmatian
7131;dalmatian
332;dalmatian
1784;dalmatian
6956;dalmatian
1852;dalmatian
1409;dalmatian
7029;dalmatian
4361;dalmatian
984;dalmatian
416;dalmatian
3606;dalmatian
2160;dalmatian
5533;dalmatian
8870;dalmatian
3916;dalmatian
2511;dalmatian
632;dalmatian
5126;dalmatian
4726;dalmatian
6789;dalmatian
6605;dalmatian
683;dalmatian
6170;dalmatian
5537;dalmatian
7217;dalmatian
5139;dalmatian
3275;dalmatian
3102;dalmatian
5484;dalmatian
3907;dalmatian
8289;dalmatian
6740;dalmatian
406;joshua_tree
6271;joshua_tree
4602;joshua_tree
5897;joshua_tree
8579;joshua_tree
4181;joshua_tree
3107;joshua_tree
6941;joshua_tree
4364;joshua_tree
9059;joshua_tree
4130;joshua_tree
4236;joshua_tree
4125;joshua_tree
3213;joshua_tree
5100;joshua_tree
5514;joshua_tree
2450;joshua_tree
8745;joshua_tree
4561;joshua_tree
8254;joshua_tree
6303;joshua_tree
5679;joshua_tree
6467;joshua_tree
2362;joshua_tree
1543;joshua_tree
491;joshua_tree
2485;joshua_tree
7243;joshua_tree
6400;joshua_tree
3386;joshua_tree
8229;joshua_tree
507;joshua_tree
8863;snoopy
7757;snoopy
1744;snoopy
464;snoopy
8484;snoopy
1671;snoopy
2817;snoopy
1036;snoopy
2448;snoopy
8399;snoopy
531;snoopy
9132;snoopy
3647;snoopy
4274;snoopy
7510;snoopy
3618;snoopy
2669;snoopy
6242;crocodile_head
6786;crocodile_head
5240;crocodile_head
2138;crocodile_head
1158;crocodile_head
1065;crocodile_head
6498;crocodile_head
3995;crocodile_head
2211;crocodile_head
469;crocodile_head
711;crocodile_head
3251;crocodile_head
3665;crocodile_head
5562;crocodile_head
4810;crocodile_head
646;crocodile_head
5033;crocodile_head
2889;crocodile_head
6250;crocodile_head
8345;crocodile_head
8503;crocodile_head
4272;crocodile_head
6137;crocodile_head
2272;crocodile_head
8266;crocodile_head
4244;camera
947;camera
1204;camera
8109;camera
483;camera
2454;camera
3068;camera
3884;camera
8282;camera
6895;camera
2035;camera
8020;camera
4230;camera
1178;camera
6270;camera
1356;camera
3628;camera
3191;camera
6506;camera
6403;camera
5238;camera
1479;camera
8612;camera
5008;camera
4660;camera
4428;crayfish
2650;crayfish
2660;crayfish
3909;crayfish
5831;crayfish
2976;crayfish
1845;crayfish
9038;crayfish
5907;crayfish
4636;crayfish
2479;crayfish
3140;crayfish
2563;crayfish
8492;crayfish
8386;crayfish
3080;crayfish
650;crayfish
2911;crayfish
1226;crayfish
1761;crayfish
3539;crayfish
2918;crayfish
6623;crayfish
5743;crayfish
2535;crayfish
8946;crayfish
1953;crayfish
7951;crayfish
6931;crayfish
1475;crayfish
1790;crayfish
7197;crayfish
5251;crayfish
7946;crayfish
4147;crayfish
3023;gerenuk
6304;gerenuk
8949;gerenuk
669;gerenuk
8984;gerenuk
3997;gerenuk
2109;gerenuk
5463;gerenuk
6675;gerenuk
7926;gerenuk
2283;gerenuk
5701;gerenuk
7996;gerenuk
7601;gerenuk
4503;gerenuk
5509;gerenuk
5963;gerenuk
